Sentiment,Avg Likes,Avg Retweets
Positive,81.21875,24.21875
Neutral,75.84375,22.6875
Negative,72.05555555555556,24.77777777777778
