AgeGroup,Avg Likes,Avg Retweets
Senior,81.10526315789474,23.63157894736842
Adult,80.9047619047619,22.095238095238095
Teen,70.57142857142857,26.257142857142856
